timestamp,ip,action,port,status
2026-06-25 10:47:00,192.168.1.32,login,22,success
2026-06-25 11:23:30,192.168.1.6,login,22,success
2026-06-25 10:09:00,192.168.1.9,login,22,success
2026-06-25 12:46:55,10.0.0.1,login,22,failed
2026-06-25 12:46:45,10.0.0.3,login,22,failed
2026-06-25 11:22:30,192.168.1.19,login,22,success
2026-06-25 11:03:30,192.168.1.18,login,22,success
2026-06-25 11:37:00,192.168.1.2,login,22,success
2026-06-25 10:11:00,192.168.1.34,login,22,success
2026-06-25 10:52:30,192.168.1.21,login,22,success
2026-06-25 10:28:00,192.168.1.9,login,22,success
2026-06-25 10:02:00,192.168.1.12,login,22,success
2026-06-25 10:44:30,192.168.1.23,login,22,success
2026-06-25 10:27:00,192.168.1.34,login,22,success
2026-06-25 11:26:30,192.168.1.6,login,22,success
2026-06-25 10:38:00,192.168.1.2,login,22,success
2026-06-25 11:06:30,192.168.1.5,login,22,failed
2026-06-25 11:21:00,192.168.1.45,login,22,success
2026-06-25 10:37:30,192.168.1.48,login,22,success
2026-06-25 12:46:48,10.0.0.1,login,22,failed
2026-06-25 11:38:30,192.168.1.8,login,22,success
2026-06-25 11:39:00,192.168.1.12,login,22,success
2026-06-25 12:46:59,10.0.0.3,login,22,failed
2026-06-25 12:46:45,10.0.0.1,login,22,failed
2026-06-25 12:46:47,10.0.0.1,login,22,failed
2026-06-25 12:46:52,10.0.0.1,login,22,failed
2026-06-25 11:32:00,192.168.1.47,login,22,success
2026-06-25 11:21:30,192.168.1.32,login,22,failed
2026-06-25 11:10:30,192.168.1.14,login,22,success
2026-06-25 12:46:45,10.0.0.2,login,22,failed
2026-06-25 11:06:00,192.168.1.14,login,22,success
2026-06-25 10:53:00,192.168.1.14,login,22,success
2026-06-25 12:46:46,10.0.0.2,login,22,failed
2026-06-25 10:17:30,192.168.1.43,login,22,success
2026-06-25 11:28:30,192.168.1.44,login,22,success
2026-06-25 15:33:24,172.16.0.1,connection,443,failed
2026-06-25 11:15:30,192.168.1.8,login,22,failed
2026-06-25 11:12:30,192.168.1.46,login,22,success
2026-06-25 10:54:30,192.168.1.28,login,22,success
2026-06-25 11:11:00,192.168.1.13,login,22,success
2026-06-25 11:31:30,192.168.1.16,login,22,success
2026-06-25 10:44:00,192.168.1.49,login,22,success
2026-06-25 10:08:30,192.168.1.19,login,22,success
2026-06-25 15:33:25,172.16.0.2,connection,8080,failed
2026-06-25 12:46:51,10.0.0.1,login,22,failed
2026-06-25 10:45:30,192.168.1.29,login,22,success
2026-06-25 12:46:43,10.0.0.2,login,22,failed
2026-06-25 15:33:21,172.16.0.2,connection,22,failed
2026-06-25 15:33:21,172.16.0.3,connection,22,failed
2026-06-25 10:30:30,192.168.1.2,login,22,success
2026-06-25 10:28:30,192.168.1.7,login,22,success
2026-06-25 10:03:00,192.168.1.40,login,22,failed
2026-06-25 12:46:58,10.0.0.1,login,22,failed
2026-06-25 10:00:30,192.168.1.23,login,22,success
2026-06-25 15:33:20,172.16.0.1,connection,21,failed
2026-06-25 10:42:30,192.168.1.30,login,22,failed
2026-06-25 10:17:00,192.168.1.15,login,22,success
2026-06-25 11:13:00,192.168.1.6,login,22,success
2026-06-25 11:18:00,192.168.1.33,login,22,failed
2026-06-25 11:05:30,192.168.1.12,login,22,success
2026-06-25 12:46:48,10.0.0.3,login,22,failed
2026-06-25 10:58:30,192.168.1.26,login,22,failed
2026-06-25 11:08:00,192.168.1.6,login,22,failed
2026-06-25 10:35:00,192.168.1.5,login,22,success
2026-06-25 11:32:30,192.168.1.1,login,22,success
2026-06-25 10:39:00,192.168.1.27,login,22,failed
2026-06-25 11:02:30,192.168.1.10,login,22,success
2026-06-25 12:46:53,10.0.0.2,login,22,failed
2026-06-25 10:59:00,192.168.1.49,login,22,success
2026-06-25 10:39:30,192.168.1.33,login,22,success
2026-06-25 10:41:30,192.168.1.43,login,22,success
2026-06-25 10:48:30,192.168.1.35,login,22,failed
2026-06-25 12:46:49,10.0.0.1,login,22,failed
2026-06-25 10:22:30,192.168.1.33,login,22,success
2026-06-25 12:46:48,10.0.0.2,login,22,failed
2026-06-25 12:46:49,10.0.0.3,login,22,failed
2026-06-25 11:20:30,192.168.1.39,login,22,success
2026-06-25 12:46:51,10.0.0.3,login,22,failed
2026-06-25 10:14:30,192.168.1.5,login,22,success
2026-06-25 12:46:53,10.0.0.3,login,22,failed
2026-06-25 11:35:00,192.168.1.32,login,22,success
2026-06-25 11:36:30,192.168.1.19,login,22,success
2026-06-25 10:57:30,192.168.1.34,login,22,failed
2026-06-25 15:33:26,172.16.0.1,connection,3306,failed
2026-06-25 11:19:30,192.168.1.6,login,22,success
2026-06-25 10:31:00,192.168.1.27,login,22,success
2026-06-25 15:33:24,172.16.0.3,connection,443,failed
2026-06-25 10:13:30,192.168.1.36,login,22,success
2026-06-25 10:57:00,192.168.1.37,login,22,success
2026-06-25 10:05:00,192.168.1.30,login,22,success
2026-06-25 11:07:30,192.168.1.11,login,22,success
2026-06-25 10:22:00,192.168.1.38,login,22,success
2026-06-25 10:35:30,192.168.1.8,login,22,success
2026-06-25 10:12:30,192.168.1.47,login,22,success
2026-06-25 10:20:30,192.168.1.2,login,22,failed
2026-06-25 12:46:42,10.0.0.3,login,22,failed
2026-06-25 10:25:30,192.168.1.42,login,22,success
2026-06-25 11:34:30,192.168.1.40,login,22,success
2026-06-25 11:17:30,192.168.1.21,login,22,success
2026-06-25 12:46:57,10.0.0.3,login,22,failed
2026-06-25 10:34:00,192.168.1.8,login,22,success
2026-06-25 10:12:00,192.168.1.43,login,22,failed
2026-06-25 11:09:00,192.168.1.48,login,22,success
2026-06-25 11:00:30,192.168.1.25,login,22,success
2026-06-25 10:27:30,192.168.1.26,login,22,success
2026-06-25 11:11:30,192.168.1.17,login,22,success
2026-06-25 15:33:25,172.16.0.1,connection,8080,failed
2026-06-25 15:33:20,172.16.0.3,connection,21,failed
2026-06-25 15:33:22,172.16.0.1,connection,23,failed
2026-06-25 10:34:30,192.168.1.10,login,22,success
2026-06-25 10:21:30,192.168.1.8,login,22,success
2026-06-25 12:46:50,10.0.0.3,login,22,failed
2026-06-25 12:46:41,10.0.0.3,login,22,failed
2026-06-25 10:40:00,192.168.1.14,login,22,success
2026-06-25 10:16:30,192.168.1.49,login,22,failed
2026-06-25 11:14:00,192.168.1.20,login,22,success
2026-06-25 12:46:53,10.0.0.1,login,22,failed
2026-06-25 11:30:30,192.168.1.17,login,22,success
2026-06-25 10:56:30,192.168.1.45,login,22,success
2026-06-25 12:46:58,10.0.0.2,login,22,failed
2026-06-25 10:04:30,192.168.1.31,login,22,failed
2026-06-25 15:33:22,172.16.0.3,connection,23,failed
2026-06-25 11:15:00,192.168.1.48,login,22,success
2026-06-25 11:31:00,192.168.1.24,login,22,success
2026-06-25 10:43:00,192.168.1.2,login,22,failed
2026-06-25 10:46:30,192.168.1.42,login,22,failed
2026-06-25 12:46:46,10.0.0.1,login,22,failed
2026-06-25 10:32:30,192.168.1.31,login,22,failed
2026-06-25 11:36:00,192.168.1.11,login,22,success
2026-06-25 12:46:54,10.0.0.1,login,22,failed
2026-06-25 11:23:00,192.168.1.5,login,22,success
2026-06-25 10:46:00,192.168.1.47,login,22,success
2026-06-25 11:24:00,192.168.1.13,login,22,success
2026-06-25 10:18:00,192.168.1.2,login,22,success
2026-06-25 10:19:30,192.168.1.36,login,22,failed
2026-06-25 10:16:00,192.168.1.37,login,22,failed
2026-06-25 11:01:00,192.168.1.2,login,22,success
2026-06-25 15:33:21,172.16.0.1,connection,22,failed
2026-06-25 10:47:30,192.168.1.33,login,22,success
2026-06-25 10:23:30,192.168.1.42,login,22,failed
2026-06-25 12:46:51,10.0.0.2,login,22,failed
2026-06-25 15:33:23,172.16.0.3,connection,80,failed
2026-06-25 12:46:43,10.0.0.3,login,22,failed
2026-06-25 12:46:55,10.0.0.3,login,22,failed
2026-06-25 10:15:00,192.168.1.25,login,22,success
2026-06-25 10:56:00,192.168.1.39,login,22,success
2026-06-25 10:07:00,192.168.1.44,login,22,success
2026-06-25 11:17:00,192.168.1.20,login,22,failed
2026-06-25 10:01:00,192.168.1.4,login,22,success
2026-06-25 12:46:40,10.0.0.2,login,22,failed
2026-06-25 10:29:30,192.168.1.42,login,22,success
2026-06-25 11:30:00,192.168.1.47,login,22,success
2026-06-25 10:37:00,192.168.1.45,login,22,success
2026-06-25 11:29:00,192.168.1.9,login,22,success
2026-06-25 10:15:30,192.168.1.45,login,22,success
2026-06-25 10:51:30,192.168.1.27,login,22,failed
2026-06-25 10:02:30,192.168.1.34,login,22,success
2026-06-25 10:49:00,192.168.1.33,login,22,success
2026-06-25 10:18:30,192.168.1.25,login,22,success
2026-06-25 10:50:00,192.168.1.38,login,22,success
2026-06-25 11:19:00,192.168.1.11,login,22,success
2026-06-25 11:24:30,192.168.1.44,login,22,success
2026-06-25 10:41:00,192.168.1.26,login,22,success
2026-06-25 12:46:42,10.0.0.2,login,22,failed
2026-06-25 10:26:30,192.168.1.15,login,22,success
2026-06-25 10:23:00,192.168.1.7,login,22,failed
2026-06-25 11:16:00,192.168.1.38,login,22,success
2026-06-25 10:04:00,192.168.1.17,login,22,success
2026-06-25 11:18:30,192.168.1.40,login,22,success
2026-06-25 15:33:25,172.16.0.3,connection,8080,failed
2026-06-25 10:25:00,192.168.1.11,login,22,success
2026-06-25 10:49:30,192.168.1.21,login,22,success
2026-06-25 12:46:55,10.0.0.2,login,22,failed
2026-06-25 12:46:54,10.0.0.2,login,22,failed
2026-06-25 11:26:00,192.168.1.2,login,22,success
2026-06-25 12:46:52,10.0.0.3,login,22,failed
2026-06-25 10:10:30,192.168.1.37,login,22,success
2026-06-25 10:19:00,192.168.1.40,login,22,success
2026-06-25 10:45:00,192.168.1.11,login,22,success
2026-06-25 12:46:57,10.0.0.1,login,22,failed
2026-06-25 10:33:30,192.168.1.8,login,22,success
2026-06-25 10:55:00,192.168.1.22,login,22,success
2026-06-25 10:58:00,192.168.1.30,login,22,success
2026-06-25 10:33:00,192.168.1.35,login,22,success
2026-06-25 10:01:30,192.168.1.12,login,22,success
2026-06-25 10:42:00,192.168.1.19,login,22,success
2026-06-25 10:13:00,192.168.1.26,login,22,success
2026-06-25 10:11:30,192.168.1.4,login,22,success
2026-06-25 11:07:00,192.168.1.42,login,22,failed
2026-06-25 10:00:00,192.168.1.13,login,22,success
2026-06-25 10:59:30,192.168.1.6,login,22,failed
2026-06-25 11:33:00,192.168.1.25,login,22,failed
2026-06-25 11:34:00,192.168.1.1,login,22,success
2026-06-25 10:14:00,192.168.1.13,login,22,success
2026-06-25 10:48:00,192.168.1.42,login,22,success
2026-06-25 11:16:30,192.168.1.23,login,22,success
2026-06-25 12:46:46,10.0.0.3,login,22,failed
2026-06-25 11:05:00,192.168.1.29,login,22,success
2026-06-25 10:38:30,192.168.1.39,login,22,success
2026-06-25 10:29:00,192.168.1.35,login,22,success
2026-06-25 11:25:30,192.168.1.4,login,22,failed
2026-06-25 12:46:52,10.0.0.2,login,22,failed
2026-06-25 10:54:00,192.168.1.26,login,22,success
2026-06-25 11:29:30,192.168.1.50,login,22,failed
2026-06-25 11:04:00,192.168.1.34,login,22,success
2026-06-25 12:46:44,10.0.0.2,login,22,failed
2026-06-25 15:33:23,172.16.0.1,connection,80,failed
2026-06-25 12:46:44,10.0.0.3,login,22,failed
2026-06-25 10:05:30,192.168.1.15,login,22,success
2026-06-25 12:46:56,10.0.0.2,login,22,failed
2026-06-25 11:12:00,192.168.1.23,login,22,success
2026-06-25 10:06:00,192.168.1.29,login,22,success
2026-06-25 12:46:40,10.0.0.3,login,22,failed
2026-06-25 11:04:30,192.168.1.32,login,22,success
2026-06-25 12:46:40,10.0.0.1,login,22,failed
2026-06-25 11:14:30,192.168.1.34,login,22,success
2026-06-25 11:01:30,192.168.1.9,login,22,success
2026-06-25 12:46:56,10.0.0.3,login,22,failed
2026-06-25 11:33:30,192.168.1.11,login,22,success
2026-06-25 10:20:00,192.168.1.45,login,22,success
2026-06-25 10:30:00,192.168.1.40,login,22,success
2026-06-25 10:53:30,192.168.1.24,login,22,success
2026-06-25 10:55:30,192.168.1.13,login,22,failed
2026-06-25 12:46:44,10.0.0.1,login,22,failed
2026-06-25 12:46:59,10.0.0.2,login,22,failed
2026-06-25 12:46:47,10.0.0.2,login,22,failed
2026-06-25 10:09:30,192.168.1.46,login,22,failed
2026-06-25 11:38:00,192.168.1.23,login,22,success
2026-06-25 12:46:43,10.0.0.1,login,22,failed
2026-06-25 11:00:00,192.168.1.44,login,22,failed
2026-06-25 10:43:30,192.168.1.4,login,22,success
2026-06-25 11:27:30,192.168.1.1,login,22,success
2026-06-25 12:46:56,10.0.0.1,login,22,failed
2026-06-25 11:08:30,192.168.1.2,login,22,success
2026-06-25 11:37:30,192.168.1.8,login,22,success
2026-06-25 11:22:00,192.168.1.29,login,22,success
2026-06-25 11:13:30,192.168.1.16,login,22,success
2026-06-25 11:20:00,192.168.1.43,login,22,failed
2026-06-25 10:03:30,192.168.1.15,login,22,success
2026-06-25 11:28:00,192.168.1.49,login,22,success
2026-06-25 15:33:26,172.16.0.2,connection,3306,failed
2026-06-25 12:46:57,10.0.0.2,login,22,failed
2026-06-25 10:21:00,192.168.1.35,login,22,success
2026-06-25 11:35:30,192.168.1.50,login,22,failed
2026-06-25 15:33:22,172.16.0.2,connection,23,failed
2026-06-25 12:46:49,10.0.0.2,login,22,failed
2026-06-25 10:07:30,192.168.1.25,login,22,success
2026-06-25 15:33:24,172.16.0.2,connection,443,failed
2026-06-25 11:10:00,192.168.1.32,login,22,failed
2026-06-25 10:31:30,192.168.1.17,login,22,success
2026-06-25 10:08:00,192.168.1.48,login,22,success
2026-06-25 11:25:00,192.168.1.30,login,22,success
2026-06-25 11:39:30,192.168.1.6,login,22,failed
2026-06-25 10:36:00,192.168.1.5,login,22,success
2026-06-25 10:32:00,192.168.1.19,login,22,success
2026-06-25 10:52:00,192.168.1.20,login,22,success
2026-06-25 12:46:42,10.0.0.1,login,22,failed
2026-06-25 12:46:54,10.0.0.3,login,22,failed
2026-06-25 12:46:50,10.0.0.1,login,22,failed
2026-06-25 11:27:00,192.168.1.33,login,22,failed
2026-06-25 11:03:00,192.168.1.11,login,22,success
2026-06-25 10:36:30,192.168.1.45,login,22,success
2026-06-25 12:46:50,10.0.0.2,login,22,failed
2026-06-25 12:46:58,10.0.0.3,login,22,failed
2026-06-25 10:40:30,192.168.1.1,login,22,success
2026-06-25 15:33:26,172.16.0.3,connection,3306,failed
2026-06-25 10:51:00,192.168.1.10,login,22,failed
2026-06-25 12:46:59,10.0.0.1,login,22,failed
2026-06-25 10:06:30,192.168.1.5,login,22,success
2026-06-25 12:46:47,10.0.0.3,login,22,failed
2026-06-25 11:09:30,192.168.1.9,login,22,success
2026-06-25 10:50:30,192.168.1.49,login,22,success
2026-06-25 12:46:41,10.0.0.2,login,22,failed
2026-06-25 10:26:00,192.168.1.12,login,22,success
2026-06-25 10:24:30,192.168.1.25,login,22,success
2026-06-25 12:46:41,10.0.0.1,login,22,failed
2026-06-25 15:33:20,172.16.0.2,connection,21,failed
2026-06-25 10:10:00,192.168.1.29,login,22,success
2026-06-25 10:24:00,192.168.1.46,login,22,success
2026-06-25 11:02:00,192.168.1.4,login,22,failed
2026-06-25 15:33:23,172.16.0.2,connection,80,failed
